"RB10","RB10"
"RB11","RB11"
"RB12MV","RB12"
"RB13","RB13"
"RB13MV","RB13"
"RB13MVB","RB13"
"RB14","RB14"
"RB14MV","RB14"
"RB15MV","RB15"
"RB16MV","RB16"
"RB17","RB17"
"RB20","RB20"
"RB21","RB21"
"RB22","RB22"
"RB23","RB23"
"RB23MV","RB23"
"RB24","RB24"
"RB24MV","RB24"
"RB25","RB25"
"RB26","RB26"
"RB31","RB31"
"RB43","RB43"
"RB49","RB49"
"RB51","RB51"
"RE66","RE66"
"RB73","RB73"
"RB74","RB74"
"RB91","RB91"
"RB93","RB93"
"RE1","RE1"
"RE1MV","RE1"
"RE2","RE2"
"RE3","RE3"
"RE3B","RE3"
"RE4A","RE4"
"RE4B","RE4"
"RE4","RE4"
"RE4MV","RE4"
"RE5","RE5"
"RE5B","RE5"
"RE6","RE6"
"RE7","RE7"
"RE9MV","RE9"
"RE10","RE10"
"RE14","RE14"
"RE15","RE15"
"RE18","RE18"
"S5","S5"
"S5BVG","S5"
"RB77","RB77"
"RB11MV","RB11"
"PRE103","PRE103"
"PRE74884","PRE74884"
"S1Rostock","S1"
"RE2NDS","RE2"
"S3Han","S3"
"RE70","RE70"